epoch,time,train/box_loss,train/cls_loss,train/dfl_loss,metrics/precision(B),metrics/recall(B),metrics/mAP50(B),metrics/mAP50-95(B),val/box_loss,val/cls_loss,val/dfl_loss,lr/pg0,lr/pg1,lr/pg2
1,1.72033,3.09917,4.32004,4.26969,0.00391,0.50667,0.00368,0.0014,2.62408,4.37278,4.15795,0.000266667,0.000266667,0.000266667
2,2.74281,3.19227,4.29538,4.2326,0.00408,0.18667,0.00441,0.00099,2.62505,4.37514,4.15679,0.00059406,0.00059406,0.00059406
3,3.7792,3.17548,4.30539,4.22716,0.00041,0.01333,4e-05,0,2.62181,4.37652,4.15422,0.000914853,0.000914853,0.000914853
4,4.83126,3.1104,4.26534,4.19778,0.00273,0.17333,0.00198,0.0006,2.62306,4.37892,4.14786,0.0009703,0.0009703,0.0009703
5,5.88679,3.11174,4.22821,4.17804,0.00278,0.17333,0.00201,0.00059,2.63338,4.38965,4.13243,0.0009604,0.0009604,0.0009604
6,6.92445,3.08473,4.18224,4.15415,0.0028,0.18667,0.00229,0.00064,2.64475,4.39298,4.12522,0.0009505,0.0009505,0.0009505
7,7.96671,3.16641,4.25524,4.13988,0.00249,0.17333,0.00193,0.00053,2.65711,4.39951,4.11549,0.0009406,0.0009406,0.0009406
8,9.01321,3.08437,4.24967,4.13132,0.00256,0.18667,0.00211,0.00053,2.67097,4.40521,4.10249,0.0009307,0.0009307,0.0009307
9,10.0639,3.03373,4.19092,4.1029,0.00253,0.18667,0.0021,0.00056,2.67958,4.41082,4.07027,0.0009208,0.0009208,0.0009208
10,11.1045,3.01798,4.16824,4.08582,0.00243,0.18667,0.00205,0.00044,2.66791,4.41179,4.04886,0.0009109,0.0009109,0.0009109
11,12.125,3.06146,4.15406,4.09079,0.00223,0.17333,0.00259,0.00099,2.67157,4.41112,4.02311,0.000901,0.000901,0.000901
12,13.1465,3.01434,4.16753,4.06226,0.00246,0.18667,0.00253,0.00054,2.69689,4.41474,3.993,0.0008911,0.0008911,0.0008911
13,14.1688,3.02834,4.09735,4.06059,0.00196,0.14667,0.00132,0.00052,2.7995,4.42667,3.92536,0.0008812,0.0008812,0.0008812
14,15.1879,3.0933,4.0862,4.02142,0.0021,0.14667,0.00157,0.0005,2.85726,4.44178,3.89051,0.0008713,0.0008713,0.0008713
15,16.2254,3.0504,4.1366,4.04428,0.00401,0.41333,0.00573,0.00176,2.88263,4.45204,3.86768,0.0008614,0.0008614,0.0008614
16,17.3034,3.111,4.18676,3.9943,0.00389,0.41333,0.00366,0.00237,2.89795,4.45859,3.85492,0.0008515,0.0008515,0.0008515
17,18.3336,3.06683,4.19598,4.02507,0.00324,0.32667,0.00502,0.00129,3.05754,4.50851,3.82869,0.0008416,0.0008416,0.0008416
18,19.3577,3.08509,4.13302,3.98608,0.00393,0.41333,0.00585,0.00145,2.93378,4.47155,3.85163,0.0008317,0.0008317,0.0008317
19,20.3983,3.0737,4.13189,3.95042,0.00484,0.44667,0.00842,0.00237,2.77543,4.43163,3.96561,0.0008218,0.0008218,0.0008218
20,21.4517,3.0852,4.09948,3.98407,0.00468,0.44667,0.00865,0.00225,2.78883,4.4264,3.94384,0.0008119,0.0008119,0.0008119
21,22.4868,3.00359,4.09972,3.9426,0.00325,0.32667,0.00852,0.00248,3.14119,4.50439,3.84935,0.000802,0.000802,0.000802
22,23.5218,3.06663,4.09645,3.89062,0.00357,0.36,0.00919,0.00256,3.1107,4.50078,3.85197,0.0007921,0.0007921,0.0007921
23,24.594,3.0223,4.20364,3.88421,0.0042,0.39333,0.04575,0.01145,2.97707,4.45313,3.83968,0.0007822,0.0007822,0.0007822
24,25.6777,2.85944,4.05952,3.82296,0.00452,0.42667,0.04617,0.01271,2.93476,4.44976,3.83097,0.0007723,0.0007723,0.0007723
25,26.7498,2.9542,4.11208,3.86499,0.00493,0.46,0.01457,0.00366,2.732,4.38827,3.81388,0.0007624,0.0007624,0.0007624
26,27.7922,2.94603,4.14785,3.77101,0.00413,0.36,0.01445,0.00344,2.95526,4.45575,4.00001,0.0007525,0.0007525,0.0007525
27,28.8246,2.91837,4.06342,3.79327,0.0041,0.36,0.01255,0.00299,2.94419,4.50087,4.00904,0.0007426,0.0007426,0.0007426
28,29.8727,2.88,4.06432,3.76761,0.00393,0.34667,0.01635,0.00362,2.93427,4.50453,3.88261,0.0007327,0.0007327,0.0007327
29,30.9274,2.97607,4.09825,3.76503,0.00548,0.76,0.02932,0.00876,2.79704,4.32695,3.63039,0.0007228,0.0007228,0.0007228
30,31.9735,2.97177,4.10919,3.71924,0.00623,0.78667,0.03166,0.00883,2.67007,4.29774,3.66619,0.0007129,0.0007129,0.0007129
31,33.0169,2.92936,4.06612,3.72312,0.00615,0.75333,0.01757,0.00515,2.75737,4.3486,3.89232,0.000703,0.000703,0.000703
32,34.0579,2.96045,4.04499,3.6727,0.00595,0.81333,0.02675,0.00705,2.73883,4.28442,3.69325,0.0006931,0.0006931,0.0006931
33,35.1109,2.95002,3.98328,3.6556,0.00496,0.82667,0.03712,0.00957,2.79186,4.25494,3.57302,0.0006832,0.0006832,0.0006832
34,36.1722,2.87147,4.02625,3.62607,0.00564,0.88667,0.04587,0.01097,2.77282,4.27277,3.58785,0.0006733,0.0006733,0.0006733
35,37.2352,2.85298,4.03925,3.64876,0.00599,0.86,0.06216,0.01375,2.78698,4.25038,3.5806,0.0006634,0.0006634,0.0006634
36,38.3089,2.91373,3.94314,3.59846,0.0058,0.84667,0.07029,0.01502,2.79254,4.22934,3.58116,0.0006535,0.0006535,0.0006535
37,39.3781,2.80827,3.96549,3.56203,0.00524,0.89333,0.3583,0.07268,2.71049,4.11936,3.55924,0.0006436,0.0006436,0.0006436
38,40.434,2.81191,3.98029,3.53234,0.005,0.84667,0.35988,0.07239,2.68048,4.17791,3.68645,0.0006337,0.0006337,0.0006337
39,41.4781,2.78652,3.97076,3.51356,0.00498,0.79333,0.36058,0.073,2.68014,4.12565,3.67211,0.0006238,0.0006238,0.0006238
40,42.5492,2.8388,3.95985,3.52267,0.34778,0.4,0.19996,0.02377,2.7029,4.06535,3.60901,0.0006139,0.0006139,0.0006139
41,43.604,2.81097,4.04423,3.50031,0.3628,0.04667,0.04358,0.0066,2.72835,4.1727,3.56272,0.000604,0.000604,0.000604
42,44.6446,2.69841,3.93671,3.47407,0.35952,0.03333,0.06615,0.01236,2.79452,4.21442,3.54317,0.0005941,0.0005941,0.0005941
43,45.6964,2.78581,3.86742,3.47575,0.36406,0.03333,0.10408,0.02336,2.83477,4.20786,3.55841,0.0005842,0.0005842,0.0005842
44,46.7587,2.84574,3.9238,3.49307,0.37488,0.03333,0.07035,0.01641,2.87264,4.18289,3.57338,0.0005743,0.0005743,0.0005743
45,47.8239,2.83805,3.91457,3.44171,0.37209,0.03333,0.046,0.01039,2.94234,4.10054,3.61362,0.0005644,0.0005644,0.0005644
46,48.862,2.71887,3.8936,3.46997,0.35167,0.03333,0.04341,0.00955,2.94407,4.09061,3.60258,0.0005545,0.0005545,0.0005545
47,49.9238,2.70713,3.79784,3.40052,0.69604,0.03333,0.04245,0.00871,2.92627,4.12401,3.5937,0.0005446,0.0005446,0.0005446
48,50.9758,2.71731,3.86392,3.41719,0.68942,0.03333,0.04632,0.00926,2.92252,4.11733,3.58567,0.0005347,0.0005347,0.0005347
49,52.0335,2.71648,3.88086,3.47003,0.4284,0.06,0.06315,0.01368,2.87509,4.09474,3.5545,0.0005248,0.0005248,0.0005248
50,53.088,2.81334,3.87893,3.42826,0.38216,0.32,0.06685,0.01602,2.8541,4.07441,3.53882,0.0005149,0.0005149,0.0005149
51,54.1513,2.61494,3.77647,3.37746,0.45261,0.10667,0.08467,0.02092,2.84153,4.05297,3.52168,0.000505,0.000505,0.000505
52,55.2229,2.73072,3.91511,3.38627,0.44625,0.21333,0.1104,0.02694,2.84072,4.04805,3.52024,0.0004951,0.0004951,0.0004951
53,56.2838,2.63369,3.81858,3.39851,0.48234,0.17333,0.08427,0.021,2.82535,4.03012,3.51195,0.0004852,0.0004852,0.0004852
54,57.3518,2.67567,3.87446,3.40617,0.5789,0.12809,0.08318,0.0206,2.82763,3.9866,3.51208,0.0004753,0.0004753,0.0004753
55,58.4195,2.55886,3.7477,3.33186,0.71666,0.03333,0.08714,0.02104,2.82881,3.93402,3.50316,0.0004654,0.0004654,0.0004654
56,59.4796,2.69516,3.78096,3.40357,0.70381,0.03333,0.09091,0.0206,2.82469,3.89872,3.49323,0.0004555,0.0004555,0.0004555
57,60.534,2.62164,3.84648,3.32364,0.76677,0.03333,0.08639,0.0187,2.79338,3.88794,3.49451,0.0004456,0.0004456,0.0004456
58,61.576,2.65932,3.70334,3.26899,0.67707,0.03333,0.07234,0.01476,2.77051,3.96558,3.48114,0.0004357,0.0004357,0.0004357
59,62.6438,2.63975,3.85297,3.40685,0.67523,0.03333,0.05847,0.01143,2.75227,4.00375,3.4808,0.0004258,0.0004258,0.0004258
60,63.6965,2.53361,3.83792,3.35133,0.36251,0.26667,0.0659,0.01227,2.77644,4.0137,3.49368,0.0004159,0.0004159,0.0004159
61,64.7573,2.65825,3.84211,3.41234,0.68042,0.0851,0.0782,0.0134,2.79815,4.06605,3.52223,0.000406,0.000406,0.000406
62,65.8229,2.76149,3.77494,3.31787,0.52231,0.10667,0.08171,0.01332,2.76086,4.09408,3.51435,0.0003961,0.0003961,0.0003961
63,66.8866,2.59744,3.81631,3.29545,0.6773,0.09869,0.07214,0.01323,2.74774,4.10597,3.51164,0.0003862,0.0003862,0.0003862
64,67.9482,2.54951,3.80088,3.30113,0.67607,0.05839,0.06236,0.00947,2.75485,4.09905,3.51859,0.0003763,0.0003763,0.0003763
65,69.0172,2.66431,3.75695,3.26915,0.45585,0.04,0.04969,0.00901,2.76545,4.06741,3.5282,0.0003664,0.0003664,0.0003664
66,70.0832,2.6235,3.78744,3.29683,0.41081,0.04,0.05222,0.00928,2.76942,4.05073,3.52381,0.0003565,0.0003565,0.0003565
67,71.1455,2.6498,3.81507,3.29934,0.4466,0.04,0.05315,0.00953,2.77551,4.01949,3.52852,0.0003466,0.0003466,0.0003466
68,72.2054,2.66857,3.80739,3.28061,0.42478,0.04,0.0493,0.00926,2.78072,3.9993,3.53299,0.0003367,0.0003367,0.0003367
69,73.2791,2.56629,3.86255,3.27437,0.48311,0.02667,0.04033,0.00908,2.80001,3.96299,3.52786,0.0003268,0.0003268,0.0003268
70,74.3338,2.53912,3.83984,3.27694,0.49082,0.02667,0.04484,0.00912,2.80801,3.95928,3.52935,0.0003169,0.0003169,0.0003169
71,75.3917,2.6171,3.72471,3.2545,0.54167,0.02667,0.04911,0.01025,2.81458,3.95784,3.51985,0.000307,0.000307,0.000307
72,76.4503,2.71818,3.73337,3.29728,0.58401,0.02667,0.04986,0.01039,2.82304,3.94303,3.50975,0.0002971,0.0002971,0.0002971
73,77.508,2.53363,3.73639,3.26427,0.42501,0.06,0.05356,0.01127,2.84975,3.9143,3.49976,0.0002872,0.0002872,0.0002872
74,78.5582,2.46483,3.82876,3.26892,0.41162,0.06,0.0536,0.01125,2.85487,3.91199,3.49592,0.0002773,0.0002773,0.0002773
75,79.6068,2.53048,3.79316,3.24845,0.46359,0.02667,0.04127,0.0088,2.85149,3.91027,3.48579,0.0002674,0.0002674,0.0002674
76,80.6525,2.48578,3.69775,3.1966,0.45364,0.02667,0.03574,0.00732,2.8481,3.90253,3.47594,0.0002575,0.0002575,0.0002575
77,81.7074,2.47473,3.68311,3.15166,0.38799,0.02667,0.03205,0.00761,2.84252,3.90728,3.46774,0.0002476,0.0002476,0.0002476
78,82.7616,2.52763,3.73153,3.25247,0.39407,0.02667,0.03113,0.00755,2.83342,3.904,3.465,0.0002377,0.0002377,0.0002377
79,83.8075,2.45118,3.71896,3.20202,0.39467,0.02667,0.03379,0.0081,2.83517,3.89477,3.46893,0.0002278,0.0002278,0.0002278
80,84.8576,2.56036,3.73396,3.27674,0.38369,0.02667,0.03558,0.00841,2.82715,3.89547,3.47157,0.0002179,0.0002179,0.0002179
81,85.9188,2.4739,3.74758,3.19043,0.40655,0.02667,0.04477,0.00945,2.83672,3.88259,3.47943,0.000208,0.000208,0.000208
82,86.9596,2.41335,3.66272,3.18259,0.43904,0.06,0.06099,0.01168,2.85033,3.84715,3.49513,0.0001981,0.0001981,0.0001981
83,87.9986,2.47215,3.7011,3.19468,0.45841,0.09333,0.07375,0.01286,2.85013,3.82845,3.49439,0.0001882,0.0001882,0.0001882
84,89.0405,2.45985,3.55315,3.22434,0.45901,0.06,0.08026,0.01383,2.83465,3.81616,3.47501,0.0001783,0.0001783,0.0001783
85,90.0815,2.4572,3.65516,3.19077,0.4067,0.02667,0.10435,0.01872,2.78169,3.77705,3.42628,0.0001684,0.0001684,0.0001684
86,91.1281,2.33295,3.68988,3.1796,0.49784,0.09333,0.11407,0.01967,2.74845,3.75761,3.41663,0.0001585,0.0001585,0.0001585
87,92.1771,2.36585,3.6752,3.21585,0.49671,0.11019,0.11134,0.0201,2.7231,3.73331,3.40916,0.0001486,0.0001486,0.0001486
88,93.2299,2.49475,3.56194,3.14463,0.47792,0.09333,0.09942,0.0183,2.70869,3.72447,3.4089,0.0001387,0.0001387,0.0001387
89,94.2664,2.44789,3.61672,3.10983,0.47428,0.16,0.09457,0.01723,2.6969,3.73304,3.39975,0.0001288,0.0001288,0.0001288
90,95.3273,2.43323,3.68171,3.13159,0.48362,0.16,0.09616,0.01862,2.70474,3.72262,3.39947,0.0001189,0.0001189,0.0001189
91,97.0278,2.6811,4.03912,3.43573,0.47519,0.16,0.09399,0.01882,2.69814,3.73431,3.39712,0.000109,0.000109,0.000109
92,98.0885,2.62421,3.96674,3.40075,0.13461,0.16,0.09877,0.01883,2.68576,3.76291,3.39524,9.91e-05,9.91e-05,9.91e-05
93,99.1495,2.74108,4.08117,3.47789,0.13354,0.16,0.09603,0.019,2.67061,3.77528,3.38044,8.92e-05,8.92e-05,8.92e-05
94,100.207,2.43707,3.98342,3.27563,0.13369,0.16,0.087,0.01839,2.66511,3.76566,3.37433,7.93e-05,7.93e-05,7.93e-05
95,101.274,2.51986,3.88322,3.36472,0.45933,0.16,0.10074,0.02071,2.64918,3.76248,3.36983,6.94e-05,6.94e-05,6.94e-05
96,102.345,2.40842,3.8369,3.27362,0.19861,0.15721,0.11551,0.0232,2.64662,3.74134,3.36291,5.95e-05,5.95e-05,5.95e-05
97,103.423,2.55232,3.83882,3.35522,0.46545,0.16,0.11863,0.02452,2.61479,3.74123,3.34896,4.96e-05,4.96e-05,4.96e-05
98,104.466,2.52552,3.91619,3.37552,0.48854,0.19333,0.12829,0.02803,2.60758,3.72155,3.34345,3.97e-05,3.97e-05,3.97e-05
99,105.515,2.53183,3.81112,3.35818,0.49201,0.19333,0.12983,0.02736,2.60153,3.72623,3.34154,2.98e-05,2.98e-05,2.98e-05
100,106.568,2.48605,3.79709,3.39131,0.47728,0.19333,0.12433,0.0272,2.59933,3.71488,3.33782,1.99e-05,1.99e-05,1.99e-05
