StoreID,Region,CompPrice,Income,Advertising,Population,Price,ShelveLoc,Age,Education,Urban,US,Open_Date
S001,North,138,73.0,11,276,120,Bad,42.0,17,Yes,Yes,2021-04-02
S002,East,111,48.0,16,260,83,Good,65.0,10,Yes,Yes,2022-08-01
S003,South,113,35.0,10,269,80,Medium,59.0,12,Yes,Yes,2019-08-16
S004,South,117,100.0,4,466,97,Medium,55.0,14,Yes,Yes,2022-11-22
S005,South,141,64.0,3,340,128,Bad,38.0,13,Yes,No,2015-09-04
S006,West,124,113.0,13,501,72,Bad,78.0,16,No,Yes,2017-12-10
S007,West,115,105.0,0,45,108,Medium,71.0,15,Yes,No,2019-09-09
S008,North,136,81.0,15,425,120,Good,67.0,10,Yes,Yes,2018-12-11
S009,East,132,110.0,0,108,124,Medium,76.0,10,No,No,2015-01-19
S010,North,132,113.0,0,131,124,Medium,76.0,17,No,Yes,2015-11-03
S011,-,121,78.0,9,150,100,Bad,26.0,10,No,Yes,2018-09-16
S012,West,117,94.0,4,503,94,Good,50.0,13,Yes,Yes,2021-10-16
S013,East,122,35.0,2,393,136,Medium,62.0,18,Yes,No,2020-01-14
S014,East,115,28.0,11,29,86,Good,53.0,18,Yes,Yes,2017-05-09
S015,South,107,117.0,11,148,118,Good,52.0,18,Yes,Yes,2021-08-04
S016,West,149,95.0,5,400,144,Medium,76.0,18,No,No,2022-04-20
S017,South,118,32.0,0,284,110,Good,63.0,13,Yes,No,2017-05-21
S018,North,147,74.0,13,251,131,Good,52.0,10,Yes,Yes,2022-07-19
S019,North,110,110.0,0,408,68,Good,46.0,17,No,Yes,2016-11-27
S020,North,129,76.0,16,58,121,Medium,69.0,12,Yes,Yes,2019-09-26
S021,South,125,90.0,2,367,131,Medium,35.0,18,Yes,Yes,2017-09-20
S022,South,134,,12,239,109,Good,62.0,18,No,Yes,2020-11-28
S023,East,128,46.0,6,497,138,Medium,42.0,13,Yes,No,2015-06-27
S024,North,121,31.0,0,292,109,Medium,79.0,10,Yes,No,2015-06-10
S025,South,145,119.0,16,294,113,Bad,42.0,12,Yes,Yes,2022-08-26
S026,South,139,32.0,0,176,82,Good,54.0,11,No,No,2016-06-14
S027,North,107,115.0,11,496,131,Good,50.0,11,No,Yes,2022-03-26
S028,South,98,118.0,0,19,107,Medium,64.0,17,Yes,No,2020-06-25
S029,South,103,74.0,0,359,97,Bad,55.0,11,Yes,Yes,2019-12-12
S030,North,104,99.0,15,226,102,Bad,58.0,17,Yes,Yes,2020-12-18
S031,North,125,94.0,0,447,89,Good,30.0,12,Yes,No,2015-08-12
S032,West,136,58.0,16,241,131,Medium,44.0,18,Yes,Yes,2015-06-01
S033,West,107,32.0,12,236,137,Good,64.0,10,No,Yes,2015-09-08
S034,South,114,38.0,13,317,128,Good,50.0,16,Yes,Yes,2015-03-03
S035,South,115,54.0,0,406,128,Medium,42.0,17,Yes,Yes,2022-08-28
S036,-,131,84.0,11,29,96,Medium,44.0,17,No,Yes,2018-09-04
S037,South,122,76.0,0,270,100,Good,60.0,18,No,No,2016-01-10
S038,South,121,41.0,5,412,110,Medium,54.0,10,Yes,Yes,2017-08-05
S039,West,109,73.0,0,454,102,Medium,65.0,15,Yes,No,2016-03-13
S040,North,130,60.0,0,144,138,Bad,38.0,10,No,No,2022-06-05
S041,East,119,98.0,0,18,126,Bad,73.0,17,No,No,2021-06-14
S042,North,157,53.0,0,403,124,Bad,58.0,16,Yes,No,2015-01-22
S043,North,77,69.0,0,25,24,Medium,50.0,18,Yes,No,2017-06-23
S044,East,123,42.0,11,16,134,Medium,59.0,13,Yes,Yes,2020-05-23
S045,North,85,79.0,6,325,95,Medium,69.0,13,Yes,Yes,2018-05-19
S046,South,141,63.0,0,168,135,Bad,44.0,12,Yes,Yes,2016-11-01
S047,South,127,90.0,14,16,70,Medium,48.0,15,No,Yes,2018-05-15
S048,North,126,98.0,0,173,108,Bad,55.0,16,Yes,No,2018-07-02
S049,East,116,52.0,0,349,98,Bad,69.0,18,Yes,No,2020-10-01
S050,South,157,93.0,0,51,149,Good,,17,Yes,No,2019-07-21
S051,East,99,32.0,18,341,108,Bad,80.0,16,Yes,Yes,2018-11-17
S052,South,121,90.0,0,150,108,Bad,75.0,16,Yes,No,2020-01-18
S053,South,153,40.0,3,112,129,Bad,39.0,18,Yes,Yes,2021-09-02
S054,South,109,64.0,13,39,119,Medium,61.0,17,Yes,Yes,2015-10-04
S055,South,134,103.0,13,25,144,Medium,76.0,17,No,Yes,2019-01-27
S056,East,143,81.0,5,60,154,Medium,61.0,18,Yes,Yes,2021-03-19
S057,South,133,82.0,0,54,84,Medium,50.0,17,Yes,No,2017-05-21
S058,South,93,91.0,0,22,117,Bad,75.0,11,Yes,No,2022-02-14
S059,North,103,93.0,15,188,103,Bad,74.0,16,Yes,Yes,2016-08-06
S060,West,118,71.0,4,148,114,Medium,80.0,13,Yes,No,2015-04-14
S061,South,122,102.0,19,469,123,Bad,29.0,13,Yes,Yes,2021-03-15
S062,North,105,32.0,0,358,107,Medium,26.0,13,No,No,2021-04-10
S063,South,139,45.0,0,146,133,Bad,77.0,17,Yes,Yes,2016-10-20
S064,North,119,88.0,10,170,101,Medium,61.0,13,Yes,Yes,2023-03-01
S065,West,100,67.0,12,184,104,Medium,32.0,16,No,Yes,2020-01-01
S066,-,122,26.0,0,197,128,Medium,55.0,13,No,No,2015-04-19
S067,North,127,92.0,0,508,91,Medium,56.0,18,Yes,No,2019-12-10
S068,South,126,61.0,14,152,115,Medium,47.0,16,Yes,Yes,2017-11-13
S069,East,149,69.0,20,366,134,Good,60.0,13,Yes,Yes,2022-11-29
S070,North,127,59.0,0,339,99,Medium,65.0,12,Yes,No,2017-04-03
S071,South,89,81.0,15,237,99,Good,74.0,12,Yes,Yes,2015-09-26
S072,South,148,51.0,16,148,150,Medium,58.0,17,No,Yes,2022-03-13
S073,West,115,45.0,0,432,116,Medium,25.0,15,Yes,No,2016-09-14
S074,-,118,90.0,10,54,104,Good,31.0,11,No,Yes,2017-09-10
S075,West,150,68.0,5,125,136,Medium,64.0,13,No,Yes,2020-06-07
S076,East,88,111.0,23,480,92,Bad,36.0,16,No,Yes,2017-09-11
S077,North,102,87.0,10,346,70,Medium,64.0,15,Yes,Yes,2017-09-19
S078,-,118,71.0,12,44,89,Medium,67.0,18,No,Yes,2019-01-25
S079,North,134,48.0,1,139,145,Medium,65.0,12,Yes,Yes,2016-01-21
S080,North,134,67.0,0,286,90,Bad,41.0,13,Yes,No,2019-06-15
S081,North,113,100.0,16,353,79,Bad,68.0,11,Yes,Yes,2022-05-10
S082,East,116,72.0,0,237,128,Good,70.0,13,Yes,No,2023-02-27
S083,South,151,83.0,4,325,139,Good,28.0,17,Yes,Yes,2021-01-03
S084,North,109,36.0,7,468,94,Bad,56.0,11,Yes,Yes,2019-11-17
S085,North,111,25.0,0,52,121,Bad,43.0,18,No,No,2016-10-29
S086,South,125,103.0,0,304,112,Medium,49.0,13,No,No,2022-03-02
S087,South,150,84.0,9,432,999,Medium,64.0,15,Yes,No,2015-10-13
S088,South,131,67.0,7,272,126,Good,54.0,16,No,Yes,2020-11-01
S089,South,117,42.0,7,144,111,Medium,62.0,10,Yes,Yes,2021-12-02
S090,West,128,66.0,3,493,119,Medium,45.0,16,No,No,2018-10-24
S091,West,115,22.0,0,491,103,Medium,64.0,11,No,No,2019-09-06
S092,North,97,46.0,11,267,107,Medium,80.0,15,Yes,Yes,2021-08-31
S093,-,114,113.0,0,97,125,Medium,29.0,12,Yes,No,2022-08-20
S094,West,145,30.0,0,67,104,Medium,55.0,17,Yes,No,2015-04-09
S095,East,115,,5,134,84,Bad,55.0,11,Yes,Yes,2019-04-01
S096,East,134,25.0,10,237,148,Medium,59.0,13,Yes,Yes,2018-05-14
S097,South,147,42.0,10,407,132,Good,73.0,16,No,Yes,2016-11-23
S098,West,161,82.0,5,287,129,Bad,33.0,16,Yes,Yes,2022-02-07
S099,North,122,77.0,24,382,127,Good,36.0,16,No,Yes,2016-02-05
S100,South,121,47.0,3,220,107,Bad,56.0,16,No,Yes,2017-10-05
S101,West,113,69.0,11,94,106,Medium,76.0,12,No,Yes,2018-06-07
S102,North,128,93.0,0,89,999,Medium,34.0,18,Yes,No,2016-11-11
S103,East,113,22.0,0,57,97,Medium,65.0,16,No,No,2020-08-14
S104,South,123,91.0,0,334,96,Bad,78.0,17,Yes,Yes,2020-04-03
S105,East,121,96.0,0,472,138,Medium,51.0,12,Yes,No,2015-01-13
S106,North,104,100.0,8,398,97,Medium,61.0,11,Yes,Yes,2016-04-12
S107,South,102,33.0,0,217,139,Medium,70.0,18,No,No,2018-04-01
S108,West,134,107.0,0,104,108,Medium,60.0,12,Yes,No,2022-03-25
S109,East,107,79.0,2,488,103,Bad,65.0,16,Yes,No,2018-04-26
S110,North,115,65.0,0,217,90,Medium,60.0,17,No,No,2018-06-30
S111,East,128,62.0,7,125,116,Medium,43.0,14,Yes,Yes,2020-07-06
S112,North,132,118.0,12,272,151,Medium,43.0,14,Yes,Yes,2021-06-22
S113,East,116,99.0,5,298,125,Good,62.0,12,Yes,Yes,2016-08-07
S114,North,131,29.0,11,335,127,Bad,33.0,12,Yes,Yes,2020-07-03
S115,North,122,87.0,9,17,106,Medium,65.0,13,Yes,Yes,2022-03-13
S116,North,139,35.0,0,95,129,Medium,42.0,13,Yes,No,2022-04-22
S117,North,135,75.0,0,202,128,Medium,80.0,10,No,No,2017-09-02
S118,South,145,53.0,0,507,119,Medium,41.0,12,Yes,No,2021-04-25
S119,North,112,88.0,2,243,99,Medium,62.0,11,Yes,Yes,2021-10-16
S120,South,130,94.0,8,137,128,Medium,64.0,12,Yes,Yes,2016-04-03
S121,East,128,105.0,11,249,131,Medium,63.0,13,Yes,Yes,2021-10-18
S122,West,125,89.0,10,380,87,Bad,28.0,10,Yes,Yes,2022-08-12
S123,South,119,100.0,5,45,108,Medium,75.0,10,Yes,Yes,2022-04-08
S124,North,127,103.0,0,125,155,Good,29.0,15,No,Yes,2022-02-27
S125,North,131,113.0,0,181,120,Good,63.0,14,Yes,No,2017-02-15
S126,North,89,,0,181,49,Medium,43.0,15,No,No,2019-02-04
S127,East,153,68.0,2,60,133,Good,59.0,16,Yes,Yes,2021-11-24
S128,West,125,48.0,3,192,116,Medium,51.0,14,Yes,Yes,2015-09-23
S129,South,133,100.0,3,350,126,Bad,55.0,13,Yes,Yes,2016-11-22
S130,South,143,120.0,7,279,147,Bad,40.0,10,No,Yes,2016-09-14
S131,-,94,84.0,13,497,77,Medium,51.0,12,Yes,Yes,2018-04-13
S132,East,108,69.0,3,208,94,Medium,77.0,16,Yes,No,2015-12-11
S133,East,125,87.0,9,232,136,Good,72.0,10,Yes,Yes,2016-06-17
S134,West,132,98.0,2,265,97,Bad,62.0,12,Yes,Yes,2023-02-04
S135,North,132,31.0,0,327,131,Medium,76.0,16,Yes,No,2018-12-23
S136,East,96,94.0,14,384,120,Medium,36.0,18,No,Yes,2021-09-12
S137,East,131,75.0,0,10,120,Bad,31.0,18,No,No,2015-08-14
S138,West,128,42.0,0,436,118,Medium,80.0,11,Yes,No,2015-05-31
S139,South,125,103.0,12,371,109,Medium,44.0,10,Yes,Yes,2022-11-10
S140,East,146,62.0,10,310,94,Medium,30.0,13,No,Yes,2022-11-24
S141,South,133,60.0,10,277,129,Medium,45.0,18,Yes,Yes,2015-02-08
S142,South,140,42.0,0,331,131,Bad,28.0,15,Yes,No,2017-01-02
S143,North,124,84.0,0,300,104,Medium,77.0,15,Yes,No,2019-01-29
S144,South,122,,7,36,159,Bad,28.0,17,Yes,Yes,2020-04-10
S145,-,132,68.0,0,264,123,Good,34.0,11,No,No,2021-11-19
S146,North,144,63.0,11,27,117,Medium,47.0,17,Yes,Yes,2015-01-30
S147,North,114,83.0,0,412,131,Bad,39.0,14,Yes,No,2016-02-02
S148,South,140,54.0,9,402,119,Good,41.0,16,No,Yes,2015-03-08
S149,North,110,119.0,0,384,97,Medium,72.0,14,No,Yes,2019-11-27
S150,North,121,120.0,13,140,87,Medium,56.0,11,Yes,Yes,2019-06-10
S151,West,122,84.0,8,176,114,Good,,10,No,Yes,2019-05-13
S152,North,111,58.0,17,407,103,Good,75.0,17,No,Yes,2016-08-26
S153,South,128,78.0,0,341,128,Good,45.0,13,No,No,2021-03-22
S154,North,150,36.0,7,488,150,Medium,25.0,17,No,Yes,2022-07-04
S155,East,129,69.0,10,289,110,Medium,50.0,16,No,Yes,2020-09-26
S156,North,98,72.0,0,59,69,Medium,65.0,16,Yes,No,2023-02-01
S157,West,146,34.0,0,220,157,Good,,16,Yes,No,2021-10-11
S158,South,121,58.0,8,249,90,Medium,48.0,13,No,Yes,2015-09-09
S159,North,142,90.0,1,189,112,Good,39.0,10,No,Yes,2021-07-07
S160,East,119,60.0,0,372,70,Bad,30.0,18,No,No,2020-01-30
S161,South,111,28.0,0,486,111,Medium,29.0,12,No,No,2019-10-15
S162,South,143,21.0,5,81,160,Medium,67.0,12,No,Yes,2016-08-24
S163,North,122,74.0,0,424,149,Medium,51.0,13,Yes,No,2017-11-15
S164,West,130,64.0,0,40,106,Bad,39.0,17,No,No,2017-12-04
S165,South,148,64.0,0,58,141,Medium,27.0,13,No,Yes,2015-11-19
S166,North,147,58.0,7,100,191,Bad,27.0,15,Yes,Yes,2017-09-28
S167,-,119,67.0,17,151,137,Medium,55.0,11,Yes,Yes,2016-05-06
S168,North,106,73.0,0,216,93,Medium,60.0,13,Yes,No,2018-09-27
S169,North,129,89.0,0,425,117,Medium,45.0,10,Yes,No,2022-02-26
S170,South,104,41.0,15,492,77,Good,73.0,18,Yes,Yes,2021-02-07
S171,North,128,39.0,12,356,118,Medium,71.0,10,Yes,Yes,2017-03-10
S172,North,93,106.0,12,416,55,Medium,75.0,15,Yes,Yes,2019-10-15
S173,South,104,102.0,13,123,110,Good,35.0,16,Yes,Yes,2022-05-06
S174,-,135,91.0,5,207,128,Medium,66.0,18,Yes,Yes,2022-10-19
S175,West,139,24.0,0,358,185,Medium,79.0,15,No,No,2017-07-07
S176,North,115,89.0,0,38,122,Medium,25.0,12,Yes,No,2017-07-11
S177,West,138,107.0,9,480,154,Medium,47.0,11,No,Yes,2015-06-21
S178,North,138,72.0,0,148,94,Medium,27.0,17,Yes,Yes,2021-04-18
S179,West,104,71.0,14,89,81,Medium,25.0,14,No,Yes,2017-05-19
S180,North,144,25.0,3,70,116,Medium,77.0,18,Yes,Yes,2017-12-05
S181,East,137,112.0,15,434,149,Bad,66.0,13,Yes,Yes,2018-02-27
S182,East,121,83.0,0,79,91,Medium,68.0,11,Yes,No,2015-10-24
S183,West,137,60.0,4,230,140,Bad,25.0,13,Yes,No,2015-11-08
S184,-,118,74.0,6,426,102,Medium,80.0,18,Yes,Yes,2019-10-13
S185,North,132,33.0,7,35,97,Medium,60.0,11,No,Yes,2018-07-13
S186,East,130,100.0,11,449,107,Medium,64.0,10,Yes,Yes,2017-09-13
S187,East,120,51.0,0,93,86,Medium,46.0,17,No,No,2021-07-21
S188,North,117,32.0,0,142,96,Bad,62.0,17,Yes,No,2016-10-09
S189,East,116,37.0,0,426,90,Medium,76.0,15,Yes,No,2018-05-26
S190,North,118,117.0,18,509,104,Medium,26.0,15,No,Yes,2017-08-04
S191,North,130,37.0,13,297,101,Medium,37.0,13,No,Yes,2019-01-21
S192,South,156,42.0,13,170,173,Good,74.0,14,Yes,Yes,2016-01-31
S193,South,108,26.0,0,408,93,Medium,56.0,14,No,No,2023-03-16
S194,South,139,70.0,7,71,96,Good,61.0,10,Yes,Yes,2017-05-29
S195,East,112,98.0,18,481,128,Medium,45.0,11,Yes,Yes,2016-10-07
S196,South,117,93.0,4,420,112,Bad,66.0,11,Yes,Yes,2020-09-28
S197,West,130,28.0,6,410,133,Bad,72.0,16,Yes,Yes,2019-06-20
S198,North,124,61.0,0,333,138,Medium,76.0,16,Yes,No,2021-02-12
S199,North,112,80.0,5,500,128,Medium,69.0,10,Yes,Yes,2023-02-11
S200,South,122,88.0,5,335,126,Medium,64.0,14,Yes,Yes,2020-09-21
S201,West,144,92.0,0,349,146,Medium,62.0,12,No,No,2019-01-27
S202,East,138,83.0,0,139,134,Medium,54.0,18,Yes,No,2017-08-25
S203,North,121,78.0,4,413,130,Bad,46.0,10,No,Yes,2019-11-10
S204,East,131,82.0,0,132,157,Bad,25.0,14,Yes,No,2022-06-26
S205,West,155,80.0,0,237,124,Medium,37.0,14,Yes,No,2019-06-29
S206,West,113,22.0,1,317,132,Medium,28.0,12,Yes,No,2019-07-16
S207,North,162,67.0,0,27,160,Medium,77.0,17,Yes,Yes,2015-12-12
S208,North,111,105.0,0,466,97,Bad,61.0,10,No,No,2018-08-10
S209,West,86,54.0,0,497,64,Bad,33.0,12,Yes,No,2020-11-18
S210,West,98,21.0,11,326,90,Bad,76.0,11,No,Yes,2021-09-29
S211,North,125,41.0,2,357,123,Bad,47.0,14,No,Yes,2022-06-29
S212,South,117,118.0,14,445,120,Medium,32.0,15,Yes,Yes,2020-05-02
S213,North,145,69.0,19,501,105,Medium,45.0,11,Yes,Yes,2022-08-11
S214,South,149,84.0,5,220,139,Medium,33.0,10,Yes,Yes,2015-07-07
S215,North,115,115.0,3,48,107,Medium,73.0,18,Yes,Yes,2019-10-27
S216,North,116,83.0,15,170,144,Bad,71.0,11,Yes,Yes,2017-02-13
S217,North,141,33.0,0,243,144,Medium,34.0,17,Yes,No,2017-11-23
S218,West,106,44.0,0,481,111,Medium,70.0,14,No,No,2022-10-08
S219,South,138,61.0,12,156,120,Medium,25.0,14,Yes,Yes,2020-07-19
S220,North,116,79.0,19,359,116,Good,58.0,17,Yes,Yes,2018-08-23
S221,South,131,120.0,15,262,124,Medium,30.0,10,Yes,Yes,2022-10-04
S222,South,124,44.0,0,125,107,Medium,80.0,11,Yes,No,2018-04-06
S223,East,136,119.0,6,178,999,Medium,35.0,13,Yes,Yes,2023-01-13
S224,South,110,45.0,9,276,125,Medium,62.0,14,Yes,Yes,2017-05-28
S225,South,134,82.0,0,464,141,Medium,48.0,13,No,No,2017-04-28
S226,North,107,25.0,0,412,82,Bad,36.0,14,Yes,No,2020-04-13
S227,South,119,33.0,0,245,122,Good,56.0,14,Yes,No,2022-09-08
S228,-,113,64.0,10,68,101,Medium,57.0,16,Yes,Yes,2015-08-25
S229,South,149,73.0,13,381,163,Bad,26.0,11,No,Yes,2020-12-30
S230,West,98,104.0,0,404,72,Medium,27.0,18,No,No,2018-05-26
S231,North,115,60.0,0,119,114,Bad,38.0,14,No,No,2022-02-28
S232,North,132,69.0,0,123,122,Medium,27.0,11,No,No,2021-05-27
S233,West,137,80.0,10,24,105,Good,61.0,15,Yes,Yes,2016-05-17
S234,South,123,76.0,18,218,120,Medium,29.0,14,No,Yes,2020-07-06
S235,South,115,62.0,11,289,129,Good,56.0,16,No,Yes,2023-01-07
S236,South,126,32.0,8,95,132,Medium,50.0,17,Yes,Yes,2016-03-20
S237,North,141,34.0,16,361,108,Medium,69.0,10,Yes,Yes,2021-03-10
S238,East,151,28.0,8,499,135,Medium,48.0,10,Yes,Yes,2015-11-23
S239,South,121,24.0,0,200,133,Good,73.0,13,Yes,No,2016-05-14
S240,South,123,105.0,0,149,118,Bad,62.0,16,Yes,Yes,2017-02-19
S241,West,159,80.0,0,362,121,Medium,26.0,18,Yes,No,2019-06-09
S242,-,136,63.0,0,160,94,Medium,38.0,12,Yes,No,2021-06-11
S243,-,124,46.0,0,199,135,Medium,52.0,14,No,No,2015-12-01
S244,South,124,25.0,13,87,110,Medium,57.0,10,Yes,Yes,2015-04-29
S245,North,130,30.0,0,391,100,Medium,26.0,18,Yes,No,2020-12-13
S246,North,114,43.0,0,199,88,Good,57.0,10,No,Yes,2017-08-28
S247,South,120,56.0,20,266,90,Bad,78.0,18,Yes,Yes,2019-11-21
S248,North,123,114.0,0,298,151,Bad,34.0,16,Yes,No,2018-06-26
S249,North,111,52.0,0,12,101,Medium,61.0,11,Yes,Yes,2019-10-01
S250,North,125,67.0,0,86,117,Bad,65.0,11,Yes,No,2017-09-18
S251,-,137,105.0,10,435,156,Good,72.0,14,Yes,Yes,2021-12-16
S252,North,139,111.0,5,310,132,Bad,62.0,13,Yes,Yes,2015-12-14
S253,North,133,97.0,0,70,117,Medium,32.0,16,Yes,No,2021-04-28
S254,West,124,24.0,5,288,999,Medium,57.0,12,No,Yes,2018-07-07
S255,East,108,104.0,23,353,129,Good,37.0,17,Yes,Yes,2015-10-03
S256,East,123,81.0,8,198,81,Bad,80.0,15,Yes,Yes,2022-05-27
S257,South,147,40.0,0,277,144,Medium,73.0,10,Yes,No,2021-04-05
S258,West,125,62.0,14,477,112,Medium,80.0,13,Yes,Yes,2016-04-07
S259,-,108,38.0,0,251,81,Bad,72.0,14,No,No,2019-06-13
S260,South,123,36.0,10,467,100,Bad,74.0,11,No,Yes,2016-04-13
S261,-,129,117.0,8,400,101,Bad,36.0,10,Yes,Yes,2016-07-20
S262,South,121,42.0,4,188,118,Medium,54.0,15,Yes,Yes,2017-06-08
S263,South,120,,15,86,132,Medium,48.0,18,Yes,Yes,2017-11-07
S264,West,116,26.0,6,434,115,Medium,25.0,17,Yes,Yes,2023-02-01
S265,East,128,29.0,5,324,159,Good,31.0,15,Yes,Yes,2019-03-08
S266,North,130,35.0,10,402,129,Bad,39.0,17,Yes,Yes,2018-06-10
S267,South,128,93.0,12,343,112,Good,73.0,17,No,Yes,2022-01-20
S268,North,134,82.0,7,473,112,Bad,51.0,12,No,Yes,2015-04-23
S269,West,123,57.0,0,66,105,Medium,39.0,11,Yes,No,2022-03-30
S270,South,159,,0,438,166,Medium,46.0,17,Yes,No,2015-04-21
S271,North,119,26.0,0,284,89,Good,26.0,10,Yes,No,2015-11-03
S272,West,111,56.0,0,504,110,Medium,62.0,16,Yes,No,2015-04-09
S273,-,113,33.0,0,14,63,Good,38.0,12,Yes,No,2018-08-19
S274,East,116,106.0,8,244,86,Medium,58.0,12,Yes,Yes,2023-01-16
S275,South,135,93.0,2,67,119,Medium,34.0,11,Yes,Yes,2021-12-05
S276,South,107,119.0,11,210,132,Medium,,11,Yes,Yes,2015-08-03
S277,North,135,69.0,14,296,130,Medium,73.0,15,Yes,Yes,2019-12-13
S278,North,136,48.0,12,326,125,Medium,36.0,16,Yes,Yes,2022-09-14
S279,North,114,113.0,2,129,151,Good,40.0,15,No,Yes,2022-01-09
S280,South,141,57.0,13,376,158,Medium,64.0,18,Yes,Yes,2017-04-24
S281,East,121,86.0,10,496,145,Bad,51.0,10,Yes,Yes,2019-11-27
S282,North,122,69.0,7,303,105,Good,45.0,16,No,Yes,2017-11-22
S283,North,150,96.0,0,80,154,Good,61.0,11,Yes,No,2016-10-31
S284,East,135,110.0,0,112,117,Medium,80.0,16,No,No,2022-04-01
S285,West,106,46.0,11,414,96,Bad,79.0,17,No,No,2019-02-17
S286,West,146,26.0,11,261,131,Medium,39.0,10,Yes,Yes,2018-11-26
S287,East,117,118.0,11,429,113,Medium,67.0,18,No,Yes,2019-03-26
S288,-,95,44.0,4,208,72,Bad,44.0,17,Yes,Yes,2016-09-26
S289,South,116,,0,74,97,Medium,76.0,15,No,No,2022-05-06
S290,West,143,77.0,25,448,156,Medium,43.0,17,Yes,Yes,2019-11-27
S291,South,107,111.0,14,400,103,Medium,41.0,11,No,Yes,2017-12-03
S292,South,118,70.0,0,106,89,Bad,39.0,17,Yes,No,2019-12-01
S293,West,113,66.0,16,322,74,Good,76.0,15,Yes,Yes,2016-12-05
S294,South,123,84.0,0,74,89,Good,59.0,10,Yes,No,2019-01-01
S295,East,148,76.0,3,126,99,Good,60.0,11,Yes,Yes,2021-02-24
S296,South,118,35.0,14,502,137,Medium,79.0,10,No,Yes,2021-10-22
S297,North,127,44.0,13,160,123,Good,63.0,18,Yes,Yes,2018-06-12
S298,North,118,83.0,13,276,104,Bad,75.0,10,Yes,Yes,2020-11-17
S299,South,148,63.0,0,312,130,Good,63.0,15,Yes,No,2018-12-24
S300,East,135,40.0,17,497,96,Medium,54.0,17,No,Yes,2015-08-21
S301,East,116,78.0,1,158,99,Medium,45.0,11,Yes,Yes,2023-01-08
S302,North,99,93.0,0,198,87,Medium,57.0,16,Yes,Yes,2022-02-20
S303,North,108,77.0,13,388,110,Bad,74.0,14,Yes,Yes,2020-07-16
S304,South,133,52.0,16,290,99,Medium,43.0,11,Yes,Yes,2015-06-04
S305,North,123,98.0,12,408,134,Good,29.0,10,Yes,Yes,2020-07-08
S306,North,115,29.0,26,394,132,Medium,33.0,13,Yes,Yes,2016-12-14
S307,South,131,32.0,1,85,133,Medium,48.0,12,Yes,Yes,2022-09-02
S308,South,138,92.0,0,13,120,Bad,61.0,12,Yes,No,2015-09-26
S309,South,126,80.0,19,436,126,Medium,52.0,10,Yes,Yes,2020-11-18
S310,North,131,111.0,13,33,80,Bad,68.0,18,Yes,Yes,2018-03-19
S311,North,175,65.0,29,419,166,Medium,53.0,12,Yes,Yes,2022-11-04
S312,West,146,68.0,12,328,132,Bad,51.0,14,Yes,Yes,2021-06-06
S313,South,137,117.0,5,337,135,Bad,38.0,10,Yes,Yes,2020-03-14
S314,West,103,81.0,3,491,54,Medium,66.0,13,Yes,No,2019-04-11
S315,West,133,33.0,10,333,129,Good,71.0,14,Yes,Yes,2019-10-29
S316,North,131,21.0,8,220,171,Good,29.0,14,Yes,Yes,2020-01-11
S317,South,122,36.0,5,369,72,Good,35.0,10,Yes,Yes,2017-05-02
S318,South,142,30.0,0,472,136,Good,80.0,15,No,No,2019-05-26
S319,North,116,72.0,10,456,130,Good,41.0,14,No,Yes,2016-11-23
S320,North,127,45.0,19,459,129,Medium,57.0,11,No,Yes,2017-04-04
S321,West,136,70.0,12,171,152,Medium,44.0,18,Yes,Yes,2019-05-14
S322,West,123,39.0,5,499,98,Medium,34.0,15,Yes,No,2020-03-16
S323,South,140,50.0,10,300,139,Good,60.0,15,Yes,Yes,2015-06-27
S324,East,107,105.0,18,428,103,Medium,34.0,12,Yes,Yes,2023-01-24
S325,South,136,65.0,4,133,150,Bad,53.0,13,Yes,Yes,2016-05-19
S326,East,144,69.0,11,131,104,Medium,47.0,11,Yes,Yes,2019-07-14
S327,North,133,30.0,0,152,122,Medium,53.0,17,Yes,No,2020-10-26
S328,South,112,38.0,17,316,104,Medium,80.0,16,Yes,Yes,2017-03-18
S329,West,117,66.0,1,65,111,Bad,55.0,11,Yes,Yes,2020-07-30
S330,West,100,54.0,9,433,89,Good,45.0,12,Yes,Yes,2019-03-02
S331,North,122,59.0,0,501,112,Bad,32.0,14,No,No,2015-03-27
S332,West,135,63.0,15,213,134,Medium,32.0,10,Yes,Yes,2022-02-21
S333,South,106,33.0,20,354,104,Medium,61.0,12,Yes,Yes,2016-05-04
S334,East,136,60.0,7,303,147,Medium,41.0,10,Yes,Yes,2015-12-28
S335,East,93,117.0,9,489,83,Bad,42.0,13,Yes,Yes,2020-01-28
S336,South,120,70.0,15,464,110,Medium,72.0,15,Yes,Yes,2016-07-24
S337,West,138,35.0,6,60,143,Bad,28.0,18,Yes,No,2018-05-07
S338,South,130,38.0,0,283,102,Medium,80.0,15,Yes,No,2015-04-15
S339,-,112,24.0,0,164,101,Medium,45.0,11,Yes,No,2019-11-02
S340,West,134,44.0,4,219,126,Good,44.0,15,Yes,Yes,2022-03-11
S341,West,140,29.0,0,105,91,Bad,43.0,16,Yes,No,2016-01-22
S342,West,98,120.0,0,268,93,Medium,72.0,10,No,No,2019-09-16
S343,North,137,102.0,13,422,118,Medium,71.0,10,No,Yes,2022-01-31
S344,East,117,42.0,10,371,121,Bad,26.0,14,Yes,Yes,2016-10-03
S345,East,138,80.0,0,108,126,Good,,13,No,Yes,2017-02-15
S346,South,121,68.0,0,279,149,Good,79.0,12,Yes,No,2018-10-10
S347,South,132,107.0,0,144,125,Medium,33.0,13,No,No,2018-01-28
S348,North,96,39.0,0,161,112,Good,27.0,14,No,No,2015-09-11
S349,North,132,102.0,20,459,107,Good,49.0,11,Yes,Yes,2018-09-10
S350,West,134,27.0,18,467,999,Medium,49.0,14,No,Yes,2022-07-10
S351,North,111,101.0,17,266,91,Medium,63.0,17,No,Yes,2019-11-14
S352,East,124,115.0,16,458,105,Medium,62.0,16,No,Yes,2017-08-12
S353,North,133,103.0,14,288,122,Good,61.0,17,Yes,Yes,2023-01-20
S354,South,107,67.0,12,430,92,Medium,35.0,12,No,Yes,2015-09-22
S355,North,133,31.0,1,80,145,Medium,42.0,18,Yes,Yes,2016-09-20
S356,East,130,100.0,0,306,146,Good,42.0,11,Yes,No,2023-02-09
S357,North,142,109.0,0,111,164,Good,72.0,12,Yes,No,2016-05-02
S358,South,103,73.0,3,276,72,Medium,34.0,15,Yes,Yes,2021-09-07
S359,North,123,96.0,10,71,118,Bad,69.0,11,Yes,Yes,2016-03-12
S360,South,130,62.0,11,396,130,Bad,66.0,14,Yes,Yes,2016-11-01
S361,East,118,86.0,7,265,114,Good,,15,No,Yes,2021-05-13
S362,North,131,25.0,10,183,104,Medium,56.0,15,No,Yes,2020-05-13
S363,West,131,55.0,0,26,110,Bad,79.0,12,Yes,Yes,2018-02-21
S364,West,111,75.0,1,377,108,Good,25.0,12,Yes,No,2017-03-15
S365,-,122,21.0,16,488,131,Good,30.0,14,Yes,Yes,2022-08-12
S366,South,154,30.0,0,122,162,Medium,57.0,17,No,No,2018-10-21
S367,West,124,56.0,11,447,134,Medium,53.0,12,No,Yes,2015-07-19
S368,North,95,106.0,0,256,53,Good,52.0,17,Yes,No,2021-06-24
S369,-,109,22.0,10,348,79,Good,74.0,14,No,Yes,2019-05-14
S370,North,135,100.0,22,463,122,Medium,36.0,14,Yes,Yes,2016-05-20
S371,South,126,41.0,22,403,119,Bad,42.0,12,Yes,Yes,2021-03-21
S372,North,152,81.0,0,191,126,Medium,54.0,16,Yes,No,2019-03-27
S373,West,121,50.0,0,508,98,Medium,65.0,11,No,No,2019-03-02
S374,South,137,71.0,0,402,116,Medium,78.0,17,Yes,No,2021-12-18
S375,-,131,47.0,7,90,118,Medium,47.0,12,Yes,Yes,2018-05-04
S376,North,132,46.0,4,206,124,Medium,73.0,11,Yes,No,2015-05-08
S377,West,141,60.0,19,319,92,Good,44.0,11,Yes,Yes,2021-08-31
S378,South,132,61.0,0,263,125,Medium,41.0,12,No,No,2016-09-11
S379,North,133,88.0,3,105,119,Medium,79.0,12,Yes,Yes,2019-03-08
S380,East,125,111.0,0,404,107,Bad,54.0,15,Yes,No,2018-07-16
S381,North,106,64.0,10,17,89,Medium,68.0,17,Yes,Yes,2022-06-12
S382,South,124,65.0,21,496,151,Bad,77.0,13,Yes,Yes,2015-03-05
S383,South,121,28.0,19,315,121,Medium,66.0,14,Yes,Yes,2016-12-16
S384,North,98,117.0,0,76,68,Medium,63.0,10,Yes,No,2018-02-11
S385,South,123,37.0,15,348,112,Good,28.0,12,Yes,Yes,2019-12-01
S386,North,131,73.0,13,455,132,Medium,62.0,17,Yes,Yes,2016-10-13
S387,North,152,116.0,0,170,160,Medium,39.0,16,Yes,No,2020-03-18
S388,West,142,73.0,14,238,115,Medium,73.0,14,No,Yes,2016-06-13
S389,South,135,89.0,11,245,78,Bad,79.0,16,Yes,Yes,2022-06-14
S390,North,128,42.0,8,328,107,Medium,35.0,12,Yes,Yes,2022-09-08
S391,East,108,75.0,9,61,111,Medium,67.0,12,Yes,Yes,2015-10-07
S392,South,153,63.0,0,49,124,Bad,56.0,16,Yes,No,2020-01-03
S393,South,129,42.0,13,315,130,Bad,34.0,13,Yes,Yes,2021-08-14
S394,South,109,51.0,10,26,120,Medium,30.0,17,No,Yes,2017-11-23
S395,East,130,58.0,19,366,139,Bad,33.0,16,Yes,Yes,2020-08-12
S396,East,138,108.0,17,203,128,Good,33.0,14,Yes,Yes,2021-07-29
S397,North,139,23.0,3,37,120,Medium,55.0,11,No,Yes,2022-01-25
S398,West,162,26.0,12,368,159,Medium,40.0,18,Yes,Yes,2019-10-15
S399,East,100,79.0,7,284,95,Bad,50.0,12,Yes,Yes,2020-01-01
S400,South,134,37.0,0,27,120,Good,49.0,16,Yes,Yes,2016-03-03
