StoreID,Sales,Survey_Date
S266,5.31,2024-06-01
S066,4.9,2024-06-30
S121,6.87,2024-05-13
S133,9.54,2024-10-09
S379,6.11,2024-06-07
S027,8.33,2024-05-08
S288,6.88,2024-02-15
S112,6.62,2024-05-26
S281,2.86,2024-10-13
S165,8.22,2024-09-21
S057,11.91,2024-03-22
S275,7.22,2024-03-25
S156,7.71,2024-04-14
S347,8.97,2024-07-04
S221,10.59,2024-12-16
S394,5.57,2024-04-20
S119,7.57,2024-01-04
S058,0.91,2024-01-29
S328,6.23,2024-07-17
S302,7.41,2024-06-16
S053,7.91,2024-03-24
S139,10.27,2024-10-17
S398,7.41,2024-05-24
S392,6.1,2024-03-06
S031,13.55,2024-08-01
S296,4.21,2024-07-22
S254,5.64,2024-02-23
S195,7.23,2024-12-01
S232,8.09,2024-05-11
S155,6.89,2024-06-04
S229,5.4,2024-07-09
S015,11.17,2024-06-12
S242,12.01,2024-12-14
S358,13.36,2024-05-10
S061,8.32,2024-12-03
S361,8.77,2024-05-20
S052,4.42,2024-04-21
S208,8.19,2024-09-24
S236,5.53,2024-04-11
S090,7.95,2024-06-14
S188,6.03,2024-09-02
S178,10.48,2024-03-06
S247,6.9,2024-04-07
S306,8.03,2024-03-16
S110,8.98,2024-08-27
S365,10.5,2024-03-31
S130,4.47,2024-10-18
S238,9.62,2024-09-09
S029,2.99,2024-04-09
S042,7.96,2024-01-06
S004,7.4,2024-05-06
S023,5.08,2024-10-06
S160,9.32,2024-03-15
S373,7.8,2024-10-13
S211,4.36,2024-08-25
S217,5.73,2024-10-02
S269,6.53,2024-09-10
S115,9.31,2024-07-27
S399,5.94,2024-02-22
S081,8.01,2024-12-02
S149,7.56,2024-01-30
S362,8.68,2024-07-22
S369,10.71,2024-10-10
S332,10.1,2024-05-15
S091,5.33,2024-09-05
S331,4.99,2024-09-15
S334,5.87,2024-12-04
S239,7.36,2024-06-01
S333,5.74,2024-11-05
S293,11.82,2024-07-15
S386,5.87,2024-11-28
S146,8.77,2024-05-28
S171,8.01,2024-01-08
S233,13.14,2024-08-16
S375,9.44,2024-05-22
S222,6.43,2024-05-29
S060,5.21,2024-04-11
S363,5.25,2024-10-17
S075,6.2,2024-06-14
S080,9.14,2024-12-05
S271,11.99,2024-02-28
S099,12.49,2024-01-10
S082,7.52,2024-12-24
S051,1.42,2024-05-26
S245,8.78,2024-12-27
S359,4.17,2024-09-28
S148,10.51,2024-01-25
S387,5.32,2024-12-28
S054,6.92,2024-10-04
S353,13.44,2024-06-23
S141,6.03,2024-11-05
S360,3.13,2024-01-23
S260,5.12,2024-03-31
S370,10.26,2024-02-02
S175,0.0,2024-06-19
S289,6.98,2024-11-22
S067,8.85,2024-02-17
S304,10.01,2024-07-09
S166,0.37,2024-12-04
S102,6.2,2024-07-03
S383,4.95,2024-11-04
S085,2.23,2024-12-15
S116,8.54,2024-09-28
S329,3.15,2024-08-21
S100,4.88,2024-08-15
S255,9.58,2024-02-02
S142,6.53,2024-01-08
S016,8.71,2024-08-09
S257,4.2,2024-08-15
S262,5.71,2024-12-23
S301,8.57,2024-03-28
S087,8.7,2024-11-21
S038,4.95,2024-05-30
S003,10.06,2024-10-17
S063,1.82,2024-05-22
S285,6.97,2024-11-17
S158,10.21,2024-06-28
S307,4.78,2024-07-31
S174,6.38,2024-11-02
S205,8.74,2024-09-14
S074,12.61,2024-10-28
S317,15.63,2024-04-09
S105,4.62,2024-12-13
S249,5.36,2024-10-22
S297,8.21,2024-12-14
S017,7.58,2024-09-24
S228,8.69,2024-09-26
S336,6.18,2024-11-03
S164,5.68,2024-12-13
S089,6.56,2024-07-10
S335,7.63,2024-07-20
S103,5.3,2024-12-04
S163,3.63,2024-07-14
S071,9.46,2024-12-04
S134,7.62,2024-08-24
S194,13.28,2024-11-17
S395,5.35,2024-04-12
S140,12.3,2024-06-15
S264,7.77,2024-04-22
S019,13.91,2024-09-17
S309,9.24,2024-12-05
S021,6.41,2024-04-15
S056,6.85,2024-07-06
S201,5.56,2024-10-13
S339,5.97,2024-10-16
S314,9.33,2024-07-30
S241,10.31,2024-04-14
S151,10.49,2024-08-10
S267,9.1,2024-11-11
S213,12.04,2024-12-09
S098,7.45,2024-11-03
S348,6.88,2024-07-08
S123,6.88,2024-05-16
S114,6.01,2024-03-05
S376,7.9,2024-03-31
S270,5.01,2024-05-25
S109,3.47,2024-12-30
S338,8.61,2024-06-26
S095,8.39,2024-04-20
S290,8.75,2024-02-26
S126,9.34,2024-12-27
S240,3.89,2024-02-06
S385,12.85,2024-11-25
S092,4.81,2024-08-26
S382,3.9,2024-12-30
S337,5.17,2024-04-15
S189,8.07,2024-01-29
S182,7.43,2024-09-18
S179,10.66,2024-04-01
S327,4.69,2024-12-18
S025,10.14,2024-12-17
S256,7.71,2024-08-01
S244,7.82,2024-05-24
S127,11.27,2024-01-31
S325,2.66,2024-10-06
S079,4.43,2024-03-24
S218,4.34,2024-10-01
S207,4.97,2024-02-05
S298,3.07,2024-08-07
S368,14.37,2024-03-17
S062,7.32,2024-09-16
S279,7.22,2024-01-31
S094,8.86,2024-01-30
S322,7.52,2024-12-25
S223,7.49,2024-09-19
S070,7.99,2024-06-20
S037,8.89,2024-12-20
S041,2.07,2024-09-16
S161,4.67,2024-10-05
S284,5.36,2024-01-23
S012,11.96,2024-10-09
S145,9.09,2024-08-09
S274,10.04,2024-12-17
S352,10.44,2024-05-05
S237,9.32,2024-02-24
S128,6.52,2024-05-09
S203,4.1,2024-08-30
S185,9.95,2024-07-07
S047,12.44,2024-05-04
S282,11.19,2024-06-16
S299,10.98,2024-07-06
S357,3.58,2024-12-30
S177,5.61,2024-04-18
S129,4.96,2024-04-06
S144,0.53,2024-09-07
S008,11.85,2024-03-18
S390,8.44,2024-08-05
S243,4.68,2024-09-03
S303,5.28,2024-12-08
S180,7.78,2024-11-22
S173,9.03,2024-12-12
S295,12.66,2024-08-18
S009,6.54,2024-09-30
S157,7.49,2024-09-30
S028,5.27,2024-08-26
S294,11.28,2024-09-08
S351,8.64,2024-06-30
S059,5.42,2024-07-29
S206,5.68,2024-06-08
S065,7.8,2024-10-15
S083,11.62,2024-11-30
S396,12.57,2024-05-24
S214,8.23,2024-05-10
S311,9.53,2024-09-28
S154,5.93,2024-08-23
S049,3.91,2024-10-22
S209,7.78,2024-11-11
S246,10.0,2024-09-02
S032,8.25,2024-11-22
S002,11.22,2024-09-21
S172,12.49,2024-11-29
S324,10.36,2024-06-12
S014,10.96,2024-04-27
S366,6.53,2024-11-12
S010,4.69,2024-09-03
S147,3.9,2024-12-02
S259,3.47,2024-07-09
S265,6.95,2024-07-09
S371,7.68,2024-09-10
S096,5.58,2024-03-05
S035,2.67,2024-08-10
S097,9.48,2024-12-27
S388,8.67,2024-05-18
S278,7.8,2024-12-13
S250,5.05,2024-04-23
S319,10.08,2024-07-24
S341,7.5,2024-10-28
S117,5.08,2024-05-23
S169,7.3,2024-05-19
S046,4.56,2024-06-12
S162,2.93,2024-09-14
S224,3.45,2024-01-30
S308,5.9,2024-02-21
S118,8.8,2024-04-10
S033,6.2,2024-11-16
S078,7.7,2024-03-28
S315,7.72,2024-06-26
S064,8.47,2024-12-25
S231,5.16,2024-08-21
S187,8.68,2024-05-19
S268,5.83,2024-12-18
S200,6.42,2024-12-11
S272,4.55,2024-09-29
S122,11.67,2024-08-28
S372,9.08,2024-06-19
S345,8.43,2024-01-08
S159,12.53,2024-11-02
S086,8.47,2024-02-27
S226,6.68,2024-04-03
S263,6.37,2024-02-13
S321,5.86,2024-09-26
S077,10.64,2024-11-27
S389,8.14,2024-04-24
S381,9.64,2024-09-27
S088,11.7,2024-09-08
S400,9.71,2024-10-19
S183,4.74,2024-07-29
S106,5.55,2024-04-28
S050,10.61,2024-09-03
S006,10.81,2024-09-17
S018,12.29,2024-05-17
S235,9.43,2024-01-01
S320,6.97,2024-11-10
S107,0.16,2024-04-11
S135,3.67,2024-08-02
S323,9.16,2024-07-23
S227,7.8,2024-07-11
S215,4.83,2024-12-29
S191,8.79,2024-12-23
S354,9.45,2024-07-24
S283,7.74,2024-11-02
S030,7.81,2024-02-11
S170,11.48,2024-11-19
S181,4.94,2024-05-25
S101,4.11,2024-04-01
S198,2.52,2024-02-07
S210,3.02,2024-07-18
S136,6.44,2024-07-05
S377,16.27,2024-03-08
S343,7.81,2024-12-23
S199,3.62,2024-07-03
S167,6.71,2024-09-15
S316,6.39,2024-03-13
S137,5.17,2024-07-16
S286,7.6,2024-05-11
S132,6.5,2024-09-30
S040,3.24,2024-07-05
S216,2.34,2024-02-26
S044,4.12,2024-08-06
S055,4.9,2024-01-24
S380,5.81,2024-10-20
S300,9.4,2024-01-27
S364,10.26,2024-04-23
S305,11.93,2024-01-19
S036,11.07,2024-01-27
S310,11.18,2024-03-15
S277,6.93,2024-01-27
S125,8.87,2024-01-30
S143,7.44,2024-06-09
S111,9.0,2024-10-23
S356,7.02,2024-10-02
S108,8.55,2024-11-02
S013,3.98,2024-10-29
S273,12.98,2024-11-07
S048,4.38,2024-01-12
S204,2.05,2024-10-22
S342,7.38,2024-12-01
S120,7.37,2024-06-17
S022,12.13,2024-09-01
S084,4.42,2024-01-07
S131,8.41,2024-06-29
S330,11.27,2024-12-07
S230,11.19,2024-01-26
S393,4.53,2024-12-30
S287,7.53,2024-10-02
S124,8.19,2024-09-17
S034,8.77,2024-01-29
S378,6.81,2024-09-20
S005,4.15,2024-04-13
S020,8.73,2024-03-06
S220,10.62,2024-04-08
S397,6.14,2024-01-02
S150,11.48,2024-06-19
S225,4.1,2024-08-11
S248,5.04,2024-02-28
S355,5.3,2024-03-21
S152,10.77,2024-05-29
S318,6.41,2024-06-13
S292,6.64,2024-04-18
S234,8.65,2024-09-07
S011,9.01,2024-10-23
S280,3.42,2024-10-15
S072,6.5,2024-06-24
S253,8.31,2024-09-21
S093,4.53,2024-07-13
S350,9.32,2024-08-30
S193,7.56,2024-01-06
S258,8.67,2024-08-20
S340,11.54,2024-03-10
S391,5.47,2024-11-01
S196,4.19,2024-06-17
S344,5.99,2024-02-24
S138,6.52,2024-10-10
S261,7.67,2024-10-29
S039,6.59,2024-12-02
S202,5.94,2024-01-11
S374,5.58,2024-11-07
S291,9.49,2024-12-04
S190,12.11,2024-12-18
S252,3.72,2024-04-02
S113,6.67,2024-10-10
S184,5.32,2024-12-26
S153,7.64,2024-10-10
S313,6.8,2024-08-09
S326,11.7,2024-06-25
S192,6.67,2024-02-06
S045,4.16,2024-03-05
S276,6.67,2024-08-15
S007,6.63,2024-01-21
S251,9.16,2024-05-15
S312,6.15,2024-10-02
S076,8.55,2024-07-08
S001,9.5,2024-06-14
S384,9.35,2024-11-30
S069,13.39,2024-10-27
S168,6.71,2024-04-16
S219,9.7,2024-10-20
S043,10.43,2024-09-15
S367,5.98,2024-04-13
S346,4.81,2024-05-12
S073,5.52,2024-07-02
S024,5.87,2024-01-28
S186,10.07,2024-06-10
S349,12.57,2024-01-23
S104,5.07,2024-08-02
S212,9.39,2024-02-06
S068,9.01,2024-01-29
S026,14.9,2024-10-15
S197,4.1,2024-01-12
S176,7.54,2024-09-07
S401,7.1,2024-03-02
S402,9.3,2024-05-11
S403,5.4,2024-07-19
S404,11.0,2024-09-30
